ssn|cc_num|first|last|gender|street|city|state|zip|population|job|acct_num|trans_num|date|time|unix_time|category|amount|is_fraud|merchant|merchant_lat|merchant_lon
775-14-1698|4334130040501545|Mary|Thomas|F|3308 Wilson St|CityHarris|NC|61027|126131|Driver|255695000672|83080e12f8c031e134e2e796c39805dd|2023-10-25|12:23:57|1698184800|home|222.64|0|fraud_BP|39.641027|-80.819077
844-13-3687|4474132675090169|Sarah|Davis|F|7221 Johnson St|CityTaylor|TN|68838|110138|Teacher|303033581383|11fd18555a953518b61259c6c9657b6b|2023-08-14|00:03:05|1691964000|home|144.75|0|fraud_Amazon|37.599984|-83.340835
844-98-9621|4839069730881712|Jessica|Thomas|F|5449 White St|CityTaylor|GA|94971|353273|Technician|991289497892|349c3205f8d1bfbd86158cb73689a6d5|2023-06-11|13:50:49|1686434400|shopping_pos|284.2|0|fraud_McDonalds|32.586482|-80.859666
514-78-4819|4687665049166091|Jessica|Garcia|F|2684 Williams St|CityAnderson|PA|27417|248137|Manager|734865728934|dadf9c0c8b1be059d3239c6565618f6b|2023-07-25|16:24:15|1690236000|food_dining|103.47|0|fraud_Walmart|40.284809|-77.158084
713-56-3418|4314450691744201|Karen|Anderson|F|5241 Smith St|CityJackson|NC|60562|465855|Sales Rep|853644126109|ca87ae21be87b243953bf4b6d9430762|2023-10-10|14:26:55|1696888800|grocery_net|32.22|0|fraud_PetSmart|36.338514|-81.019603
844-13-3687|4474132675090169|Sarah|Davis|F|7221 Johnson St|CityTaylor|TN|68838|110138|Teacher|303033581383|7d6bb39ea0f1fce0eeac134ec29a0e20|2023-07-06|02:52:39|1688594400|shopping_net|121.97|0|fraud_HomeDepot|36.31664|-87.686087
844-98-9621|4839069730881712|Jessica|Thomas|F|5449 White St|CityTaylor|GA|94971|353273|Technician|991289497892|b11d459a056739f6814a1ee1f5cc4aac|2023-06-30|22:16:21|1688076000|grocery_net|44.97|0|fraud_Target|29.058196|-82.562601
307-46-8560|4588306248409007|Karen|Allen|F|6081 Johnson St|CityJackson|KS|66707|146962|Sales Rep|385336820185|a8175ba92aa2ea1e25b98a7421bc8b54|2023-12-17|15:49:40|1702767600|misc_net|125.13|0|fraud_HomeDepot|40.00099|-94.534182
211-34-1899|4980204784898680|Thomas|Davis|M|5821 Miller St|CityMartin|VA|13545|47970|Clerk|650389245378|083c5568c5d1411cb236bdb92638934c|2023-07-20|03:03:51|1689804000|shopping_net|264.48|0|fraud_Shell|35.275968|-77.476818
468-53-1374|4072059147072943|Joseph|Thomas|M|1966 Thomas St|CityAllen|TX|81761|90963|Driver|857793889934|ef689afa4d79b0ca7873808a79fe2c90|2023-12-17|20:14:03|1702767600|grocery_pos|3.68|0|fraud_Uber|31.481612|-95.907276
711-37-1598|4014682843560070|Jennifer|Anderson|F|8508 Thomas St|CityAllen|CA|62991|85324|Driver|844456082067|870555b1dc01ff313b35c6db671d3707|2023-06-30|05:15:59|1688076000|shopping_net|122.19|0|fraud_McDonalds|38.206941|-120.273914
667-20-5574|4958429180900971|David|Garcia|M|7898 White St|CityBrown|FL|97617|27992|Engineer|995918025324|2eb5589303c273326201270076b0660f|2023-11-11|10:16:30|1699657200|misc_pos|235.39|0|fraud_Uber|25.43693|-83.998213
521-73-4703|4091721005824198|William|Smith|M|3912 Wilson St|CityMartin|CA|89903|258853|Sales Rep|265179905992|6351e9c4ffcf7805f506191a087385ec|2023-09-09|20:00:20|1694210400|misc_net|289.48|0|fraud_Kroger|38.836801|-118.535894
307-46-8560|4588306248409007|Karen|Allen|F|6081 Johnson St|CityJackson|KS|66707|146962|Sales Rep|385336820185|ef049f14d165ae2bbd8e563c742b9b67|2023-09-28|04:48:41|1695852000|kids_pets|263.05|0|fraud_Lyft|37.976071|-97.158189
765-75-6024|4921057197295190|Barbara|White|F|6983 Wilson St|CityThompson|WA|81923|146697|Driver|553269632664|d1ba59c0907daf03ce547d3bfe2f143d|2023-07-12|15:36:21|1689112800|grocery_net|201.16|0|fraud_Walmart|48.865951|-124.236448
727-44-9329|4010727644975676|Patricia|Johnson|F|1268 Thompson St|CityMiller|FL|15996|149082|Accountant|288151892741|c9c8321d10f3e173d9acd5971d9d387b|2023-09-23|05:23:38|1695420000|personal_care|192.37|0|fraud_DeltaAirlines|27.317093|-81.462771
810-60-5018|4946024453558094|Michael|Wilson|M|6485 White St|CityTaylor|NY|68531|348411|Technician|371208369262|3cea5c183d03745b33eb7bd5396ef790|2023-12-10|17:52:07|1702162800|gas_transport|260.07|0|fraud_BestBuy|39.984966|-79.801735
414-26-3196|4044649088974278|Karen|Taylor|F|361 Brown St|CityDavis|OH|54566|484179|Teacher|309567056449|21b48a0b465bb414612cbffe5247885d|2023-12-08|00:16:22|1701990000|travel|81.84|0|fraud_Walmart|39.858623|-84.808038
266-60-4157|4702002181110370|Michael|White|M|48 Taylor St|CityAllen|KS|71451|478530|Driver|683153633980|55dbe80a20f0fc5f58734ed9c74a7b50|2023-09-24|11:00:40|1695506400|misc_net|216.51|0|fraud_Uber|39.385378|-99.170906
729-56-5200|4165906867876533|John|Allen|M|5681 Thomas St|CityYoung|FL|96869|374508|Nurse|852673861494|ec32cc8d8420aee7aed96822af8657c7|2023-09-28|12:27:12|1695852000|grocery_pos|266.13|0|fraud_BP|29.088903|-85.13705
260-85-5038|4734621091935160|David|Allen|M|8114 Martin St|CityYoung|IN|17708|434747|Engineer|273737341781|920737945912cc46107cd745af603059|2023-06-13|14:08:35|1686607200|travel|264.91|0|fraud_Shell|41.302514|-86.593248
775-14-1698|4334130040501545|Mary|Thomas|F|3308 Wilson St|CityHarris|NC|61027|126131|Driver|255695000672|24f13318bdad04f1474803f2e2faa20c|2023-08-28|15:16:27|1693173600|personal_care|221.69|0|fraud_Amazon|38.016011|-79.163387
334-35-2749|4586445173014795|Richard|Young|M|5362 Johnson St|CitySmith|MN|75600|387278|Analyst|543960978265|a22823c6201146f9e052718e1d7b8d76|2023-07-27|08:41:21|1690408800|grocery_net|173.65|0|fraud_Starbucks|45.093287|-95.815187
765-75-6024|4921057197295190|Barbara|White|F|6983 Wilson St|CityThompson|WA|81923|146697|Driver|553269632664|78d39ed2fd2430f6d10dcfa8c1872958|2023-12-14|06:10:00|1702508400|personal_care|45.34|0|fraud_CVS|51.097479|-118.466611
844-98-9621|4839069730881712|Jessica|Thomas|F|5449 White St|CityTaylor|GA|94971|353273|Technician|991289497892|9bcb5b5f4293fb36425c298f06894363|2023-10-20|05:36:44|1697752800|shopping_net|60.31|0|fraud_HomeDepot|32.630957|-84.522274
337-48-5766|4360657334450254|Karen|Moore|F|6563 Brown St|CityAllen|MN|45453|107078|Clerk|561465320145|38e6db54865ae92359215408e8bdde7a|2023-12-05|20:46:48|1701730800|gas_transport|242.55|0|fraud_DeltaAirlines|48.883201|-94.921819
266-60-4157|4702002181110370|Michael|White|M|48 Taylor St|CityAllen|KS|71451|478530|Driver|683153633980|324812e6c67f723a9f44abe1eb5d5ea1|2023-09-20|14:30:12|1695160800|gas_transport|57.9|0|fraud_Netflix|42.233691|-101.656673
784-77-1371|4469326934190400|Mary|Harris|F|6690 Thompson St|CityTaylor|TN|15732|262001|Clerk|235605676431|e35af08e83d2dde657f39599585d9b87|2023-10-20|09:56:08|1697752800|misc_pos|41.65|0|fraud_Spotify|37.988669|-84.952404
775-14-1698|4334130040501545|Mary|Thomas|F|3308 Wilson St|CityHarris|NC|61027|126131|Driver|255695000672|a7d217e8d5c53eab353450fb342273c5|2023-06-23|12:49:51|1687471200|home|153.46|0|fraud_CVS|34.569016|-81.901719
514-78-4819|4687665049166091|Jessica|Garcia|F|2684 Williams St|CityAnderson|PA|27417|248137|Manager|734865728934|689a70cd794ea3df5f72b5b918d78d77|2023-12-02|08:44:46|1701471600|misc_net|197.66|0|fraud_DeltaAirlines|40.675085|-74.66203
310-23-5154|4404034390740765|Karen|Garcia|F|8916 Anderson St|CityMoore|NC|69639|292996|Sales Rep|526751856533|9bf99a456eae68c65243db52e787e85b|2023-10-24|13:59:42|1698098400|entertainment|56.94|0|fraud_Starbucks|36.530673|-75.622975
260-85-5038|4734621091935160|David|Allen|M|8114 Martin St|CityYoung|IN|17708|434747|Engineer|273737341781|2a18168547a3431525a4cfa34551d21f|2023-11-29|00:10:56|1701212400|entertainment|719.02|1|fraud_Starbucks|36.663156|-82.130753
765-75-6024|4921057197295190|Barbara|White|F|6983 Wilson St|CityThompson|WA|81923|146697|Driver|553269632664|5c2a485db8a6c489602a3c8fdb508be3|2023-07-09|01:43:03|1688853600|kids_pets|100.57|0|fraud_Kroger|48.668255|-120.331923
260-85-5038|4734621091935160|David|Allen|M|8114 Martin St|CityYoung|IN|17708|434747|Engineer|273737341781|7b28a9229e201c67f94b04b2085f1c6c|2023-10-12|00:27:24|1697061600|grocery_net|46.87|0|fraud_Target|39.629343|-87.622524
611-68-6549|4787432221985953|David|Thomas|M|7586 Jones St|CityJackson|TX|39303|439361|Technician|594229945239|a7303266f1a3169378af6e39ac2784ff|2023-08-13|20:13:21|1691877600|shopping_pos|74.58|0|fraud_HomeDepot|26.69633|-99.134175
711-37-1598|4014682843560070|Jennifer|Anderson|F|8508 Thomas St|CityAllen|CA|62991|85324|Driver|844456082067|2f25f1773e6070bde0a47442a1f0f31b|2023-08-04|09:25:35|1691100000|grocery_net|219.45|0|fraud_DeltaAirlines|41.781182|-118.299336
334-35-2749|4586445173014795|Richard|Young|M|5362 Johnson St|CitySmith|MN|75600|387278|Analyst|543960978265|22f4d87571a5c65f57acb31476cb9af0|2023-09-13|07:14:02|1694556000|personal_care|37.85|0|fraud_DeltaAirlines|47.460678|-96.646215
775-14-1698|4334130040501545|Mary|Thomas|F|3308 Wilson St|CityHarris|NC|61027|126131|Driver|255695000672|21284e9560bc5b43339ab1c768636abe|2023-08-13|15:48:05|1691877600|shopping_net|287.59|0|fraud_Netflix|34.611913|-78.621649
307-46-8560|4588306248409007|Karen|Allen|F|6081 Johnson St|CityJackson|KS|66707|146962|Sales Rep|385336820185|f2ce19f4de623d657e40f56f41e33f3e|2023-10-05|11:45:31|1696456800|grocery_net|190.44|0|fraud_Kroger|40.463562|-94.784598
556-14-1631|4042350551580167|Linda|Jones|F|2648 Thompson St|CityJackson|CO|24376|226611|Teacher|895731140229|cd3b0ad3249c54533ac74869d873516c|2023-08-28|19:27:35|1693173600|kids_pets|82.42|0|fraud_CVS|38.169188|-106.837656
655-22-5525|4392572715841919|Jennifer|Miller|F|6331 Smith St|CityMartin|TX|43144|400779|Sales Rep|172044355281|3b9125930c91e807bf20c5d4d377bbe5|2023-07-27|21:10:40|1690408800|home|248.3|0|fraud_PetSmart|29.09795|-100.044731
655-22-5525|4392572715841919|Jennifer|Miller|F|6331 Smith St|CityMartin|TX|43144|400779|Sales Rep|172044355281|77b2f1d2c418ddef061c7bcfae81e11d|2023-11-01|17:47:05|1698793200|personal_care|36.55|0|fraud_Marriott|33.118591|-101.203305
630-48-8069|4634629117418262|Richard|Jones|M|909 Smith St|CityTaylor|MI|64773|330589|Technician|470629806926|03b08e3bb9cb038f392d78a2bcd432e7|2023-10-16|01:22:38|1697407200|misc_net|234.86|0|fraud_HomeDepot|47.928973|-83.945328
810-60-5018|4946024453558094|Michael|Wilson|M|6485 White St|CityTaylor|NY|68531|348411|Technician|371208369262|e845c252647f8dea0b70a8d4e8bcbdf1|2023-10-21|04:59:58|1697839200|shopping_net|158.06|0|fraud_DeltaAirlines|42.304643|-79.989813
611-68-6549|4787432221985953|David|Thomas|M|7586 Jones St|CityJackson|TX|39303|439361|Technician|594229945239|c62dbfe4fea3a15381549eac2794f733|2023-09-06|01:37:15|1693951200|misc_pos|220.07|0|fraud_Lyft|28.174478|-98.374138
514-78-4819|4687665049166091|Jessica|Garcia|F|2684 Williams St|CityAnderson|PA|27417|248137|Manager|734865728934|1d27525d78808a5985c567a6760ac1e6|2023-07-27|11:11:50|1690408800|grocery_pos|80.72|0|fraud_Marriott|37.742468|-77.81806
514-78-4819|4687665049166091|Jessica|Garcia|F|2684 Williams St|CityAnderson|PA|27417|248137|Manager|734865728934|2c1b6ecad0456aebeb58bd5593e0a739|2023-06-08|17:58:38|1686175200|shopping_net|103.04|0|fraud_Walmart|38.169158|-78.133334
655-22-5525|4392572715841919|Jennifer|Miller|F|6331 Smith St|CityMartin|TX|43144|400779|Sales Rep|172044355281|9de2ddfc63a3c9d54ea686a84fec43bd|2023-09-13|06:49:35|1694556000|shopping_pos|104.67|0|fraud_DeltaAirlines|32.427898|-96.434152
266-60-4157|4702002181110370|Michael|White|M|48 Taylor St|CityAllen|KS|71451|478530|Driver|683153633980|a33d43e1b8f0e6dfd8f45b2e2fca43a9|2023-12-01|05:03:35|1701385200|misc_pos|18.37|0|fraud_Starbucks|37.478543|-97.095164
211-34-1899|4980204784898680|Thomas|Davis|M|5821 Miller St|CityMartin|VA|13545|47970|Clerk|650389245378|1d09706e95d5e61f14c18d95cd9a56ff|2023-08-18|10:26:12|1692309600|home|135.82|0|fraud_Lyft|34.50716|-80.992815
514-78-4819|4687665049166091|Jessica|Garcia|F|2684 Williams St|CityAnderson|PA|27417|248137|Manager|734865728934|9a1581680156ec111bad22b17a2376ae|2023-06-25|20:15:09|1687644000|grocery_pos|126.74|0|fraud_Starbucks|41.069695|-76.762418
514-78-4819|4687665049166091|Jessica|Garcia|F|2684 Williams St|CityAnderson|PA|27417|248137|Manager|734865728934|d512a01cedd8eb8601371f9be3ef42ce|2023-09-16|03:38:35|1694815200|misc_net|172.42|0|fraud_CVS|40.32019|-73.655917
655-22-5525|4392572715841919|Jennifer|Miller|F|6331 Smith St|CityMartin|TX|43144|400779|Sales Rep|172044355281|06d8d217c259e5e71ec5905021da970e|2023-08-13|22:02:03|1691877600|food_dining|114.54|0|fraud_Spotify|33.177187|-97.244938
844-13-3687|4474132675090169|Sarah|Davis|F|7221 Johnson St|CityTaylor|TN|68838|110138|Teacher|303033581383|05d5a1c4b661978141db8533b6fa4bf2|2023-06-26|12:18:04|1687730400|shopping_net|1724.88|1|fraud_Netflix|35.444768|-84.134672
211-34-1899|4980204784898680|Thomas|Davis|M|5821 Miller St|CityMartin|VA|13545|47970|Clerk|650389245378|02f5b9678f8c4b9be1f94713dbd2167b|2023-06-10|23:04:42|1686348000|misc_pos|150.98|0|fraud_PetSmart|37.768049|-81.862148
729-56-5200|4165906867876533|John|Allen|M|5681 Thomas St|CityYoung|FL|96869|374508|Nurse|852673861494|fa42eb066cd60c6d73daa19eeeb5050d|2023-06-29|06:11:28|1687989600|kids_pets|105.17|0|fraud_PetSmart|27.408859|-80.560646
260-85-5038|4734621091935160|David|Allen|M|8114 Martin St|CityYoung|IN|17708|434747|Engineer|273737341781|c3bf04f1d91a0d4ee262c111d35786f5|2023-06-11|07:02:42|1686434400|misc_net|272.99|0|fraud_HomeDepot|37.633048|-83.9034
844-13-3687|4474132675090169|Sarah|Davis|F|7221 Johnson St|CityTaylor|TN|68838|110138|Teacher|303033581383|6dd2f58ee21d51f74741111d35a2fbc8|2023-11-02|02:52:22|1698879600|shopping_pos|79.7|0|fraud_McDonalds|38.890474|-86.616024
844-98-9621|4839069730881712|Jessica|Thomas|F|5449 White St|CityTaylor|GA|94971|353273|Technician|991289497892|3a5e3a2b3445f58599e15bb4e37bbfc7|2023-11-17|20:42:31|1700175600|misc_pos|111.46|0|fraud_Shell|28.682122|-85.130521
844-98-9621|4839069730881712|Jessica|Thomas|F|5449 White St|CityTaylor|GA|94971|353273|Technician|991289497892|a525d4e4e2722858345e16d94f1207d4|2023-06-08|17:06:16|1686175200|gas_transport|180.8|0|fraud_Lyft|32.228227|-80.135086
694-86-4736|4153612899060634|Mary|Young|F|9755 Jones St|CityTaylor|CO|64618|170262|Clerk|640756367149|e16cfb28356f60d84f2d0b2c9106b871|2023-08-23|04:32:42|1692741600|misc_net|120.49|0|fraud_Target|42.608521|-106.657508
290-20-9759|4278075545781257|William|Brown|M|4744 Williams St|CityMartin|SD|12731|127568|Analyst|374234143384|8098d99aacb7a251d4859082f1747845|2023-08-22|07:44:55|1692655200|home|71.24|0|fraud_Walgreens|48.209907|-103.094075
414-26-3196|4044649088974278|Karen|Taylor|F|361 Brown St|CityDavis|OH|54566|484179|Teacher|309567056449|fa2335a076ad6947a08823d534865538|2023-08-25|16:52:20|1692914400|misc_net|151.93|0|fraud_McDonalds|40.595782|-80.591028
337-48-5766|4360657334450254|Karen|Moore|F|6563 Brown St|CityAllen|MN|45453|107078|Clerk|561465320145|5ad6191d229b9337df7ea54ac59ab554|2023-07-20|03:10:53|1689804000|entertainment|45.02|0|fraud_Target|44.935392|-93.084472
765-75-6024|4921057197295190|Barbara|White|F|6983 Wilson St|CityThompson|WA|81923|146697|Driver|553269632664|b65e710a7d85e5b2e00477eb0dd397e9|2023-08-17|14:29:15|1692223200|health_fitness|189.14|0|fraud_Walgreens|46.382954|-118.403889
334-35-2749|4586445173014795|Richard|Young|M|5362 Johnson St|CitySmith|MN|75600|387278|Analyst|543960978265|65ca7ad8c3f1bb7a2de66737e13607df|2023-10-26|04:00:21|1698271200|misc_net|144.69|0|fraud_HomeDepot|43.525797|-98.184334
727-44-9329|4010727644975676|Patricia|Johnson|F|1268 Thompson St|CityMiller|FL|15996|149082|Accountant|288151892741|dbce604049431589f141eaad0e5a6b44|2023-12-23|14:26:53|1703286000|misc_pos|278.7|0|fraud_Amazon|29.375345|-83.424288
711-37-1598|4014682843560070|Jennifer|Anderson|F|8508 Thomas St|CityAllen|CA|62991|85324|Driver|844456082067|725959dac4df801cdb8819f39da53bee|2023-08-05|15:30:31|1691186400|misc_net|2188.8|1|fraud_DeltaAirlines|41.062105|-118.666526
655-22-5525|4392572715841919|Jennifer|Miller|F|6331 Smith St|CityMartin|TX|43144|400779|Sales Rep|172044355281|6c630bc0053b3985d68a62fc879418e1|2023-07-03|23:49:13|1688335200|shopping_net|256.11|0|fraud_Spotify|31.396853|-98.740879
468-53-1374|4072059147072943|Joseph|Thomas|M|1966 Thomas St|CityAllen|TX|81761|90963|Driver|857793889934|749c917c7bf89b7d0e3f5a795453206d|2023-10-16|16:22:38|1697407200|travel|132.32|0|fraud_BestBuy|30.831619|-99.690806
521-73-4703|4091721005824198|William|Smith|M|3912 Wilson St|CityMartin|CA|89903|258853|Sales Rep|265179905992|2b5bdc0bcbdd9d814e57dac78132881a|2023-06-09|02:50:17|1686261600|food_dining|262.84|0|fraud_Nike|37.850174|-122.305221
667-20-5574|4958429180900971|David|Garcia|M|7898 White St|CityBrown|FL|97617|27992|Engineer|995918025324|743afada7bcd5666918f0d31ef27f991|2023-12-05|02:11:07|1701730800|gas_transport|206.28|0|fraud_Netflix|28.951617|-85.779242
463-97-6327|4784080948341407|Karen|Harris|F|1728 Jones St|CityThomas|WA|76404|160674|Engineer|672767507896|f42897e3873776cff35f111f861efbe9|2023-07-12|23:39:03|1689112800|misc_pos|159.66|0|fraud_BP|49.319505|-123.846642
492-61-5837|4649233155245308|Sarah|Young|F|770 White St|CityYoung|IN|97610|22508|Manager|946534968725|4f7ff3bf995d960a0a6c12251f23f1d0|2023-07-30|10:25:24|1690668000|kids_pets|50.37|0|fraud_BP|36.573001|-89.589417
521-73-4703|4091721005824198|William|Smith|M|3912 Wilson St|CityMartin|CA|89903|258853|Sales Rep|265179905992|999bb4ab7e58992a187bdf3e780d3443|2023-11-30|07:25:56|1701298800|grocery_net|218.39|0|fraud_Uber|34.951795|-120.153751
810-60-5018|4946024453558094|Michael|Wilson|M|6485 White St|CityTaylor|NY|68531|348411|Technician|371208369262|bd88e68537a5b2044e7e1f3a5dba4c30|2023-10-18|23:56:51|1697580000|kids_pets|139.28|0|fraud_CVS|44.038671|-75.396209
468-53-1374|4072059147072943|Joseph|Thomas|M|1966 Thomas St|CityAllen|TX|81761|90963|Driver|857793889934|dea52754aa427baaec7ba526bc48197c|2023-08-24|07:35:42|1692828000|shopping_net|48.92|0|fraud_Amazon|31.804475|-100.009453
211-34-1899|4980204784898680|Thomas|Davis|M|5821 Miller St|CityMartin|VA|13545|47970|Clerk|650389245378|f1cf42c4294acf12ddbd40fd94edfbf2|2023-09-10|11:47:25|1694296800|health_fitness|1.45|0|fraud_Amazon|36.802091|-78.837192
611-68-6549|4787432221985953|David|Thomas|M|7586 Jones St|CityJackson|TX|39303|439361|Technician|594229945239|d4383916b42b3e9e8740f31e89eb44aa|2023-09-20|02:04:04|1695160800|shopping_pos|90.6|0|fraud_Netflix|30.410463|-98.783935
266-60-4157|4702002181110370|Michael|White|M|48 Taylor St|CityAllen|KS|71451|478530|Driver|683153633980|768ef5b7bb1a34b3121512ed69393b0d|2023-10-30|00:42:12|1698620400|misc_net|5.19|0|fraud_McDonalds|38.482171|-98.231892
307-46-8560|4588306248409007|Karen|Allen|F|6081 Johnson St|CityJackson|KS|66707|146962|Sales Rep|385336820185|81237c8f4090a304e91f7ce9d3aacba1|2023-08-30|11:17:56|1693346400|shopping_net|23.07|0|fraud_McDonalds|39.168672|-96.432116
463-97-6327|4784080948341407|Karen|Harris|F|1728 Jones St|CityThomas|WA|76404|160674|Engineer|672767507896|2434c55a7ebd667ff971d9627b448701|2023-08-04|07:04:01|1691100000|personal_care|41.55|0|fraud_Amazon|48.565246|-120.35249
337-48-5766|4360657334450254|Karen|Moore|F|6563 Brown St|CityAllen|MN|45453|107078|Clerk|561465320145|6033c3f42078ca80e3329a5409b13cb2|2023-09-11|22:35:07|1694383200|shopping_net|41.81|0|fraud_Nike|48.326953|-95.980139
260-85-5038|4734621091935160|David|Allen|M|8114 Martin St|CityYoung|IN|17708|434747|Engineer|273737341781|b5f7afd2231e87576b6dddb26d593d55|2023-06-22|14:12:54|1687384800|travel|248.76|0|fraud_Uber|37.054482|-81.806408
492-61-5837|4649233155245308|Sarah|Young|F|770 White St|CityYoung|IN|97610|22508|Manager|946534968725|b227a258dd7e448eb461f7158043e57c|2023-09-19|20:09:30|1695074400|food_dining|16.29|0|fraud_Target|37.426692|-88.652445
611-68-6549|4787432221985953|David|Thomas|M|7586 Jones St|CityJackson|TX|39303|439361|Technician|594229945239|e48e8520ec2a3b6b819a004bf7db47d7|2023-07-29|13:07:55|1690581600|entertainment|11.9|0|fraud_PetSmart|29.104864|-96.172917
334-35-2749|4586445173014795|Richard|Young|M|5362 Johnson St|CitySmith|MN|75600|387278|Analyst|543960978265|2789b4771cf865754f53a058d40f068f|2023-09-03|12:15:53|1693692000|personal_care|55.21|0|fraud_Starbucks|46.120369|-96.435442
765-75-6024|4921057197295190|Barbara|White|F|6983 Wilson St|CityThompson|WA|81923|146697|Driver|553269632664|46bd2c9d0a690a74198b2777a381ccbe|2023-08-05|20:42:49|1691186400|kids_pets|151.16|0|fraud_McDonalds|51.185507|-121.91029
211-34-1899|4980204784898680|Thomas|Davis|M|5821 Miller St|CityMartin|VA|13545|47970|Clerk|650389245378|9484500ec390d9b66d511e41926c36ed|2023-08-08|23:06:17|1691445600|misc_net|96.53|0|fraud_Walmart|39.87686|-78.188868
844-98-9621|4839069730881712|Jessica|Thomas|F|5449 White St|CityTaylor|GA|94971|353273|Technician|991289497892|17ac4675818cd50da153d4b558cbf2b1|2023-12-23|16:13:04|1703286000|health_fitness|157.62|0|fraud_Amazon|29.927389|-80.232823
463-97-6327|4784080948341407|Karen|Harris|F|1728 Jones St|CityThomas|WA|76404|160674|Engineer|672767507896|adb20fb4b9a5a665bd414c50d61b8ddd|2023-10-21|02:29:47|1697839200|health_fitness|10.89|0|fraud_BestBuy|49.520117|-119.08921
775-14-1698|4334130040501545|Mary|Thomas|F|3308 Wilson St|CityHarris|NC|61027|126131|Driver|255695000672|5efedd000a4219cd8b97507400462dc4|2023-10-23|23:38:30|1698012000|health_fitness|181.21|0|fraud_Netflix|34.631987|-82.592813
775-14-1698|4334130040501545|Mary|Thomas|F|3308 Wilson St|CityHarris|NC|61027|126131|Driver|255695000672|56b8a599e5c343e147ba16b21d013d56|2023-10-24|15:38:07|1698098400|home|125.2|0|fraud_BP|35.650072|-81.573072
468-53-1374|4072059147072943|Joseph|Thomas|M|1966 Thomas St|CityAllen|TX|81761|90963|Driver|857793889934|036a269150e029395f9527cbb8e68fc7|2023-06-30|17:07:07|1688076000|personal_care|216.17|0|fraud_Kroger|30.611828|-100.098826
775-14-1698|4334130040501545|Mary|Thomas|F|3308 Wilson St|CityHarris|NC|61027|126131|Driver|255695000672|46c55814f3c0485ff42ec800ba754569|2023-11-14|14:15:43|1699916400|food_dining|261.08|0|fraud_Amazon|38.000519|-77.525794
711-37-1598|4014682843560070|Jennifer|Anderson|F|8508 Thomas St|CityAllen|CA|62991|85324|Driver|844456082067|61e6878c837d7c98a3aff6e22ce413de|2023-11-01|03:38:00|1698793200|shopping_net|175.7|0|fraud_HomeDepot|38.315821|-118.062052
514-78-4819|4687665049166091|Jessica|Garcia|F|2684 Williams St|CityAnderson|PA|27417|248137|Manager|734865728934|0651db71b6ea3c95c5209420c4ded3f9|2023-12-08|08:38:48|1701990000|home|36.15|0|fraud_McDonalds|42.532|-78.637405
844-13-3687|4474132675090169|Sarah|Davis|F|7221 Johnson St|CityTaylor|TN|68838|110138|Teacher|303033581383|56d25e0e474583b6a3c3a9b94b390d95|2023-08-16|09:31:27|1692136800|food_dining|118.28|0|fraud_HomeDepot|36.325811|-88.284198
711-37-1598|4014682843560070|Jennifer|Anderson|F|8508 Thomas St|CityAllen|CA|62991|85324|Driver|844456082067|9f575f23c315773542833ee68108f17c|2023-07-03|07:18:10|1688335200|misc_net|230.43|0|fraud_McDonalds|41.121409|-117.723421
694-86-4736|4153612899060634|Mary|Young|F|9755 Jones St|CityTaylor|CO|64618|170262|Clerk|640756367149|c42c655bb338cb6e1bd0251915095a3b|2023-06-12|22:08:16|1686520800|grocery_pos|286.92|0|fraud_PetSmart|42.55357|-103.569714
556-14-1631|4042350551580167|Linda|Jones|F|2648 Thompson St|CityJackson|CO|24376|226611|Teacher|895731140229|7f56ad6753ee62d7b61b1e2503a11008|2023-07-21|20:31:00|1689890400|misc_net|2251.93|1|fraud_PetSmart|42.130481|-107.558099
844-13-3687|4474132675090169|Sarah|Davis|F|7221 Johnson St|CityTaylor|TN|68838|110138|Teacher|303033581383|f0d48c367995f3c9143be9e52b57dadf|2023-12-03|17:52:14|1701558000|misc_net|8.95|0|fraud_DeltaAirlines|35.248896|-86.131281
521-73-4703|4091721005824198|William|Smith|M|3912 Wilson St|CityMartin|CA|89903|258853|Sales Rep|265179905992|1205f2cadc05dad0d6c9580edaab73af|2023-07-24|02:16:37|1690149600|kids_pets|57.98|0|fraud_Shell|38.792294|-116.871038
630-48-8069|4634629117418262|Richard|Jones|M|909 Smith St|CityTaylor|MI|64773|330589|Technician|470629806926|2449e99624feaa30003f931002523a22|2023-08-22|09:39:53|1692655200|health_fitness|173.71|0|fraud_Starbucks|46.240064|-86.040352
784-77-1371|4469326934190400|Mary|Harris|F|6690 Thompson St|CityTaylor|TN|15732|262001|Clerk|235605676431|48bb3250bc2b6ff3024c4fe48897b12c|2023-08-03|08:20:04|1691013600|home|191.64|0|fraud_Walgreens|35.014641|-89.704463
711-37-1598|4014682843560070|Jennifer|Anderson|F|8508 Thomas St|CityAllen|CA|62991|85324|Driver|844456082067|5d96213559f9a0b8c5a8c6dd88b8fe7b|2023-09-30|11:31:29|1696024800|kids_pets|48.49|0|fraud_Starbucks|38.404148|-117.497965
711-37-1598|4014682843560070|Jennifer|Anderson|F|8508 Thomas St|CityAllen|CA|62991|85324|Driver|844456082067|900dc9637ea031dde6504565bd6d44c1|2023-06-22|05:16:33|1687384800|gas_transport|212.5|0|fraud_HomeDepot|40.868132|-116.896774
307-46-8560|4588306248409007|Karen|Allen|F|6081 Johnson St|CityJackson|KS|66707|146962|Sales Rep|385336820185|76ce5c2e660161af4c99c7d2a833fa78|2023-06-21|12:30:12|1687298400|gas_transport|194.72|0|fraud_Spotify|40.644317|-98.458584
765-75-6024|4921057197295190|Barbara|White|F|6983 Wilson St|CityThompson|WA|81923|146697|Driver|553269632664|3fdcba5fb2c60e36188dfea6f3595913|2023-08-30|20:16:03|1693346400|food_dining|192.3|0|fraud_PetSmart|49.894777|-124.168344
260-85-5038|4734621091935160|David|Allen|M|8114 Martin St|CityYoung|IN|17708|434747|Engineer|273737341781|ba390e024195b4265fdfdd5272f348e8|2023-11-12|09:34:12|1699743600|grocery_pos|170.22|0|fraud_Spotify|36.094313|-85.823675
775-14-1698|4334130040501545|Mary|Thomas|F|3308 Wilson St|CityHarris|NC|61027|126131|Driver|255695000672|8d75dbe84b702fa0cc0f28b757afefc7|2023-11-05|22:55:32|1699138800|gas_transport|248.06|0|fraud_DeltaAirlines|37.600163|-79.117614
310-23-5154|4404034390740765|Karen|Garcia|F|8916 Anderson St|CityMoore|NC|69639|292996|Sales Rep|526751856533|e4c507e8ddc4e1816edf8827e5d4c3f1|2023-07-14|03:59:30|1689285600|kids_pets|354.3|1|fraud_BestBuy|35.230579|-75.615689
463-97-6327|4784080948341407|Karen|Harris|F|1728 Jones St|CityThomas|WA|76404|160674|Engineer|672767507896|82f7e2980e4a485143d746e016fec1dc|2023-09-09|05:42:25|1694210400|gas_transport|88.34|0|fraud_PetSmart|48.169819|-121.538937
307-46-8560|4588306248409007|Karen|Allen|F|6081 Johnson St|CityJackson|KS|66707|146962|Sales Rep|385336820185|1d4c5a8f7884f523be9f3ec31667b345|2023-08-18|09:58:33|1692309600|home|262.36|0|fraud_McDonalds|35.259244|-95.079868
713-56-3418|4314450691744201|Karen|Anderson|F|5241 Smith St|CityJackson|NC|60562|465855|Sales Rep|853644126109|b9bcc43333c1edcc6a54dfdbeeeaa5de|2023-08-17|11:26:55|1692223200|grocery_net|77.36|0|fraud_Uber|36.250723|-79.742996
290-20-9759|4278075545781257|William|Brown|M|4744 Williams St|CityMartin|SD|12731|127568|Analyst|374234143384|9317d544948805d3c176a016e8d8f1d4|2023-07-13|08:40:13|1689199200|home|114.79|0|fraud_Starbucks|42.585982|-98.415477
414-26-3196|4044649088974278|Karen|Taylor|F|361 Brown St|CityDavis|OH|54566|484179|Teacher|309567056449|c2d808dcfe706adc0ef9ff777e51d1c4|2023-08-28|02:11:26|1693173600|misc_net|2252.19|1|fraud_DeltaAirlines|40.445463|-82.452823
290-20-9759|4278075545781257|William|Brown|M|4744 Williams St|CityMartin|SD|12731|127568|Analyst|374234143384|2a006563f675e2e3e693d3caefc2d1ce|2023-12-11|01:13:20|1702249200|gas_transport|123.69|0|fraud_Amazon|42.949785|-101.336171
307-46-8560|4588306248409007|Karen|Allen|F|6081 Johnson St|CityJackson|KS|66707|146962|Sales Rep|385336820185|edae1032d2d82859cb1f22826686959e|2023-06-04|19:58:20|1685829600|gas_transport|41.88|0|fraud_Amazon|36.498134|-97.775698
844-98-9621|4839069730881712|Jessica|Thomas|F|5449 White St|CityTaylor|GA|94971|353273|Technician|991289497892|a5d2884a559f3688841f81baac171b93|2023-10-11|08:59:14|1696975200|grocery_net|56.97|0|fraud_Kroger|33.604172|-83.772199
844-13-3687|4474132675090169|Sarah|Davis|F|7221 Johnson St|CityTaylor|TN|68838|110138|Teacher|303033581383|fe72e396d56dbf12a7e7073ccd193f2a|2023-06-18|18:30:44|1687039200|misc_net|48.38|0|fraud_BestBuy|39.602259|-87.564486
463-97-6327|4784080948341407|Karen|Harris|F|1728 Jones St|CityThomas|WA|76404|160674|Engineer|672767507896|d74e4c178abc7e66ea7ffa3b1af61121|2023-06-15|07:51:10|1686780000|home|260.85|0|fraud_Starbucks|49.724728|-119.543066
337-48-5766|4360657334450254|Karen|Moore|F|6563 Brown St|CityAllen|MN|45453|107078|Clerk|561465320145|08634af940536742efbe9b7adbc95ce3|2023-07-04|04:03:14|1688421600|personal_care|259.27|0|fraud_Lyft|47.192306|-93.520915
468-53-1374|4072059147072943|Joseph|Thomas|M|1966 Thomas St|CityAllen|TX|81761|90963|Driver|857793889934|5aecf089fe23c78da775d72c0e0f2eb2|2023-10-25|15:13:11|1698184800|grocery_net|19.49|0|fraud_Walmart|31.895719|-96.566942
521-73-4703|4091721005824198|William|Smith|M|3912 Wilson St|CityMartin|CA|89903|258853|Sales Rep|265179905992|c28b20d3c73d54ef5f1c9365a66a517d|2023-10-01|02:24:26|1696111200|gas_transport|147.63|0|fraud_Walmart|34.986894|-116.930901
765-75-6024|4921057197295190|Barbara|White|F|6983 Wilson St|CityThompson|WA|81923|146697|Driver|553269632664|6039ccb29badb62cbd750c40203b2478|2023-07-02|16:05:58|1688248800|misc_net|280.48|0|fraud_Walgreens|48.908236|-119.872683
775-14-1698|4334130040501545|Mary|Thomas|F|3308 Wilson St|CityHarris|NC|61027|126131|Driver|255695000672|f0718c076aea0572d5538c17406a9fbe|2023-06-10|10:04:22|1686348000|gas_transport|183.62|0|fraud_PetSmart|34.938054|-79.061643
844-98-9621|4839069730881712|Jessica|Thomas|F|5449 White St|CityTaylor|GA|94971|353273|Technician|991289497892|dc54d06d475ad06d6f482d7db4d1ec39|2023-12-10|01:18:25|1702162800|home|9.21|0|fraud_BP|31.422496|-81.676669
310-23-5154|4404034390740765|Karen|Garcia|F|8916 Anderson St|CityMoore|NC|69639|292996|Sales Rep|526751856533|823869403d64cea13c411028733ba2dc|2023-10-29|06:10:39|1698530400|kids_pets|226.52|0|fraud_Uber|35.591163|-76.232513
334-35-2749|4586445173014795|Richard|Young|M|5362 Johnson St|CitySmith|MN|75600|387278|Analyst|543960978265|8fb8901b5f443e84190d2cd49a76e490|2023-07-19|23:37:41|1689717600|grocery_net|288.55|0|fraud_Shell|45.934313|-94.490081
844-13-3687|4474132675090169|Sarah|Davis|F|7221 Johnson St|CityTaylor|TN|68838|110138|Teacher|303033581383|6b566e5089974b34203a6734af2bf8e2|2023-08-07|21:34:37|1691359200|personal_care|116.37|0|fraud_McDonalds|39.476798|-83.892091
211-34-1899|4980204784898680|Thomas|Davis|M|5821 Miller St|CityMartin|VA|13545|47970|Clerk|650389245378|924ffb2bf0e8bb3e085abd6623eb2f2f|2023-07-08|16:35:31|1688767200|home|227.32|0|fraud_Kroger|39.623542|-81.12123
266-60-4157|4702002181110370|Michael|White|M|48 Taylor St|CityAllen|KS|71451|478530|Driver|683153633980|40264b253eb38d9015c20ee6f72c085b|2023-06-28|06:59:58|1687903200|food_dining|71.18|0|fraud_Netflix|39.96381|-96.478126
784-77-1371|4469326934190400|Mary|Harris|F|6690 Thompson St|CityTaylor|TN|15732|262001|Clerk|235605676431|940878c1ff9f4752344e12003e30f30f|2023-12-06|13:52:50|1701817200|travel|262.62|0|fraud_CVS|37.817831|-87.295396
521-73-4703|4091721005824198|William|Smith|M|3912 Wilson St|CityMartin|CA|89903|258853|Sales Rep|265179905992|6eacd7910d952cb28ce45681f076cfcb|2023-07-09|03:05:11|1688853600|gas_transport|220.49|0|fraud_Spotify|37.866013|-119.454431
310-23-5154|4404034390740765|Karen|Garcia|F|8916 Anderson St|CityMoore|NC|69639|292996|Sales Rep|526751856533|05d6eb375ab81d2ad70812329c7f1558|2023-10-04|12:32:35|1696370400|grocery_pos|247.75|0|fraud_McDonalds|36.15019|-78.986526
694-86-4736|4153612899060634|Mary|Young|F|9755 Jones St|CityTaylor|CO|64618|170262|Clerk|640756367149|d359f6f698fb4737852402efcc58dd68|2023-11-04|04:40:27|1699052400|misc_pos|276.81|0|fraud_Walgreens|39.049214|-104.563258
713-56-3418|4314450691744201|Karen|Anderson|F|5241 Smith St|CityJackson|NC|60562|465855|Sales Rep|853644126109|882ab4a315864fb41bebafb17692ab49|2023-06-14|09:53:41|1686693600|misc_net|93.08|0|fraud_Starbucks|32.904767|-79.780687
260-85-5038|4734621091935160|David|Allen|M|8114 Martin St|CityYoung|IN|17708|434747|Engineer|273737341781|7f701b1c756d86797b64172325e84770|2023-11-05|19:10:24|1699138800|kids_pets|125.49|0|fraud_DeltaAirlines|40.995586|-86.492044
414-26-3196|4044649088974278|Karen|Taylor|F|361 Brown St|CityDavis|OH|54566|484179|Teacher|309567056449|90f6734752cbeb004d8a085f34ab7a0d|2023-08-29|18:48:10|1693260000|food_dining|208.09|0|fraud_DeltaAirlines|37.06985|-84.333734
266-60-4157|4702002181110370|Michael|White|M|48 Taylor St|CityAllen|KS|71451|478530|Driver|683153633980|2a28e9aadd0eafa51283a28fcabf5a33|2023-07-23|12:13:38|1690063200|grocery_pos|128.72|0|fraud_Starbucks|39.102716|-96.045963
713-56-3418|4314450691744201|Karen|Anderson|F|5241 Smith St|CityJackson|NC|60562|465855|Sales Rep|853644126109|6fbe2babe3183fe7c9e83f41cad3eda0|2023-11-30|22:18:12|1701298800|gas_transport|238.23|0|fraud_Marriott|32.414349|-81.429787
514-78-4819|4687665049166091|Jessica|Garcia|F|2684 Williams St|CityAnderson|PA|27417|248137|Manager|734865728934|d7abf6718d2127ae9adaf05fe6817641|2023-06-15|05:38:01|1686780000|home|218.39|0|fraud_BestBuy|39.155601|-75.489888
492-61-5837|4649233155245308|Sarah|Young|F|770 White St|CityYoung|IN|97610|22508|Manager|946534968725|5d0f50514883f2140e209517218357f9|2023-06-06|20:05:28|1686002400|grocery_pos|74.41|0|fraud_BestBuy|41.031365|-84.752654
765-75-6024|4921057197295190|Barbara|White|F|6983 Wilson St|CityThompson|WA|81923|146697|Driver|553269632664|ef47fc08b76eb1f8498c7a48323f32fd|2023-10-10|12:35:02|1696888800|personal_care|23.42|0|fraud_CVS|47.603505|-121.195086
337-48-5766|4360657334450254|Karen|Moore|F|6563 Brown St|CityAllen|MN|45453|107078|Clerk|561465320145|7851e6ca288f3762c1cd8d511e241bb0|2023-11-15|03:47:39|1700002800|shopping_pos|95.03|0|fraud_Amazon|48.022687|-96.374458
765-75-6024|4921057197295190|Barbara|White|F|6983 Wilson St|CityThompson|WA|81923|146697|Driver|553269632664|3f5a0a8e3056a4cd0f141cf49fc47ed7|2023-09-30|16:28:55|1696024800|kids_pets|5.96|0|fraud_Marriott|49.533025|-118.413555
711-37-1598|4014682843560070|Jennifer|Anderson|F|8508 Thomas St|CityAllen|CA|62991|85324|Driver|844456082067|5fdca9955a8a894353d62d24b9d2fc5b|2023-11-27|06:35:16|1701039600|entertainment|205.46|0|fraud_Target|41.544753|-121.531205
775-14-1698|4334130040501545|Mary|Thomas|F|3308 Wilson St|CityHarris|NC|61027|126131|Driver|255695000672|ff89da68c16190725f35c33693404694|2023-10-31|09:36:56|1698706800|grocery_pos|273.87|0|fraud_Walgreens|36.849456|-81.030167
521-73-4703|4091721005824198|William|Smith|M|3912 Wilson St|CityMartin|CA|89903|258853|Sales Rep|265179905992|e119d3ebecb08bba0275dfcb74785b67|2023-08-06|21:54:38|1691272800|personal_care|232.13|0|fraud_Walgreens|37.130933|-120.494768
414-26-3196|4044649088974278|Karen|Taylor|F|361 Brown St|CityDavis|OH|54566|484179|Teacher|309567056449|453f0498387872b5c5d3af4c80961cbe|2023-06-13|08:54:43|1686607200|shopping_net|65.93|0|fraud_Target|39.571199|-80.159231
468-53-1374|4072059147072943|Joseph|Thomas|M|1966 Thomas St|CityAllen|TX|81761|90963|Driver|857793889934|59ff13c56bf6b678c5f95bcdb619a388|2023-12-06|16:30:14|1701817200|gas_transport|112.88|0|fraud_BestBuy|34.632167|-97.194434
713-56-3418|4314450691744201|Karen|Anderson|F|5241 Smith St|CityJackson|NC|60562|465855|Sales Rep|853644126109|895e48f36ee7b91eee38ddd0a5281466|2023-08-09|13:13:05|1691532000|grocery_pos|173.17|0|fraud_DeltaAirlines|34.848917|-76.17171
729-56-5200|4165906867876533|John|Allen|M|5681 Thomas St|CityYoung|FL|96869|374508|Nurse|852673861494|42809c73e4af254d896f435fa53148df|2023-06-21|22:19:45|1687298400|kids_pets|163.92|0|fraud_Lyft|28.575022|-82.251733
468-53-1374|4072059147072943|Joseph|Thomas|M|1966 Thomas St|CityAllen|TX|81761|90963|Driver|857793889934|14721a42bd994ecc837692382287df8a|2023-12-21|06:43:10|1703113200|shopping_net|42.11|0|fraud_BestBuy|33.128901|-95.144305
810-60-5018|4946024453558094|Michael|Wilson|M|6485 White St|CityTaylor|NY|68531|348411|Technician|371208369262|ba151bd4f3b152467ba00ca1cc75ce61|2023-12-29|14:14:43|1703804400|shopping_net|84.29|0|fraud_Nike|44.434849|-77.796771
334-35-2749|4586445173014795|Richard|Young|M|5362 Johnson St|CitySmith|MN|75600|387278|Analyst|543960978265|b299c7c402f522fc60c0b650ad7e2562|2023-11-21|22:45:35|1700521200|health_fitness|234.4|0|fraud_Netflix|47.173594|-92.765556
729-56-5200|4165906867876533|John|Allen|M|5681 Thomas St|CityYoung|FL|96869|374508|Nurse|852673861494|016ee3e1006cd2124586c67f90a225c5|2023-07-16|10:02:22|1689458400|travel|288.14|0|fraud_DeltaAirlines|27.980342|-82.701808
310-23-5154|4404034390740765|Karen|Garcia|F|8916 Anderson St|CityMoore|NC|69639|292996|Sales Rep|526751856533|065c57a2736cffc06567a090beacfe49|2023-09-05|09:09:18|1693864800|personal_care|58.05|0|fraud_Walgreens|32.845903|-79.841759
307-46-8560|4588306248409007|Karen|Allen|F|6081 Johnson St|CityJackson|KS|66707|146962|Sales Rep|385336820185|3cdae74b0cf24f6a1b0e0641bd52021c|2023-06-25|14:45:57|1687644000|shopping_pos|282.47|0|fraud_DeltaAirlines|39.429852|-99.797356
556-14-1631|4042350551580167|Linda|Jones|F|2648 Thompson St|CityJackson|CO|24376|226611|Teacher|895731140229|21c4ec814098b5edb8e80e155d98fea6|2023-09-19|02:13:31|1695074400|grocery_net|52.57|0|fraud_Netflix|42.243843|-109.541229
307-46-8560|4588306248409007|Karen|Allen|F|6081 Johnson St|CityJackson|KS|66707|146962|Sales Rep|385336820185|be6f14fc253ab9615eb99603405566c8|2023-07-30|04:21:32|1690668000|misc_net|286.68|0|fraud_Lyft|37.942465|-97.820388
655-22-5525|4392572715841919|Jennifer|Miller|F|6331 Smith St|CityMartin|TX|43144|400779|Sales Rep|172044355281|560eebe2dc33b827d63fd8a2cd2aee5f|2023-11-10|13:51:02|1699570800|health_fitness|158.51|0|fraud_PetSmart|31.502591|-95.344756
414-26-3196|4044649088974278|Karen|Taylor|F|361 Brown St|CityDavis|OH|54566|484179|Teacher|309567056449|98503e739219d8196d03f0fce1853970|2023-06-09|01:55:34|1686261600|misc_pos|172.32|0|fraud_Starbucks|41.673016|-83.864684
713-56-3418|4314450691744201|Karen|Anderson|F|5241 Smith St|CityJackson|NC|60562|465855|Sales Rep|853644126109|f1d6875895352a8ba9361cea858c7913|2023-12-29|15:45:20|1703804400|food_dining|232.12|0|fraud_Netflix|37.10921|-81.334769
611-68-6549|4787432221985953|David|Thomas|M|7586 Jones St|CityJackson|TX|39303|439361|Technician|594229945239|48514a57899bea9e781a9e13cca3e8dd|2023-11-24|07:29:35|1700780400|personal_care|232.11|0|fraud_Lyft|32.074859|-99.429561
844-13-3687|4474132675090169|Sarah|Davis|F|7221 Johnson St|CityTaylor|TN|68838|110138|Teacher|303033581383|a794391f14e67e8fceb756dcfcfa0f92|2023-07-11|18:12:54|1689026400|misc_pos|201.18|0|fraud_DeltaAirlines|35.09766|-84.289265
468-53-1374|4072059147072943|Joseph|Thomas|M|1966 Thomas St|CityAllen|TX|81761|90963|Driver|857793889934|a14776d4cb34b99d22f4942dc41c4c3f|2023-07-30|18:34:54|1690668000|travel|156.65|0|fraud_Netflix|34.657822|-100.193962
211-34-1899|4980204784898680|Thomas|Davis|M|5821 Miller St|CityMartin|VA|13545|47970|Clerk|650389245378|2954814b85623f5889ba8490e457dc55|2023-07-02|14:07:47|1688248800|gas_transport|150.7|0|fraud_HomeDepot|38.098523|-81.513827
468-53-1374|4072059147072943|Joseph|Thomas|M|1966 Thomas St|CityAllen|TX|81761|90963|Driver|857793889934|c0ce14ff9f16d0529f7d16ff324e1457|2023-10-10|10:10:55|1696888800|entertainment|92.67|0|fraud_Netflix|29.495925|-98.543755
655-22-5525|4392572715841919|Jennifer|Miller|F|6331 Smith St|CityMartin|TX|43144|400779|Sales Rep|172044355281|738b980fc0608d94badbdb17acd93c29|2023-12-29|18:52:05|1703804400|home|40.62|0|fraud_DeltaAirlines|31.254863|-97.212137
844-98-9621|4839069730881712|Jessica|Thomas|F|5449 White St|CityTaylor|GA|94971|353273|Technician|991289497892|67ab19ff183f4e6e18964d1deda67348|2023-09-21|19:27:30|1695247200|health_fitness|128.41|0|fraud_Netflix|31.790376|-82.546721
630-48-8069|4634629117418262|Richard|Jones|M|909 Smith St|CityTaylor|MI|64773|330589|Technician|470629806926|caf42e6c74a5b40e79c1865581cb9603|2023-08-28|22:09:36|1693173600|grocery_pos|90.19|0|fraud_Walmart|47.41657|-86.635026
655-22-5525|4392572715841919|Jennifer|Miller|F|6331 Smith St|CityMartin|TX|43144|400779|Sales Rep|172044355281|b7348123308a4f47aae011158cd98733|2023-10-30|00:15:27|1698620400|food_dining|2127.19|1|fraud_BP|31.710354|-98.741832
414-26-3196|4044649088974278|Karen|Taylor|F|361 Brown St|CityDavis|OH|54566|484179|Teacher|309567056449|2cf9eaaf5814889a851c7dfe35eb44f6|2023-12-24|22:35:43|1703372400|kids_pets|75.87|0|fraud_Kroger|40.803347|-80.664848
310-23-5154|4404034390740765|Karen|Garcia|F|8916 Anderson St|CityMoore|NC|69639|292996|Sales Rep|526751856533|b6226f737bd1704722c3c223c1397e40|2023-06-07|21:18:56|1686088800|grocery_net|21.34|0|fraud_Lyft|36.205537|-77.630786
492-61-5837|4649233155245308|Sarah|Young|F|770 White St|CityYoung|IN|97610|22508|Manager|946534968725|85587c31836243a2099d3317bbffa731|2023-12-25|07:47:01|1703458800|misc_pos|38.6|0|fraud_Spotify|37.3912|-84.379507
765-75-6024|4921057197295190|Barbara|White|F|6983 Wilson St|CityThompson|WA|81923|146697|Driver|553269632664|0e78d97b85c1928285a5196ba090e995|2023-12-16|14:38:21|1702681200|misc_net|173.3|0|fraud_Walmart|46.099065|-120.185346
630-48-8069|4634629117418262|Richard|Jones|M|909 Smith St|CityTaylor|MI|64773|330589|Technician|470629806926|192f6d3019da2c87aa556962dff03e01|2023-10-02|06:46:08|1696197600|grocery_pos|151.08|0|fraud_CVS|45.206798|-84.268277
556-14-1631|4042350551580167|Linda|Jones|F|2648 Thompson St|CityJackson|CO|24376|226611|Teacher|895731140229|cf92a3e3daa378fbbf6a86551f4d5507|2023-07-26|14:15:31|1690322400|misc_net|229.91|0|fraud_Shell|38.694964|-106.25463
711-37-1598|4014682843560070|Jennifer|Anderson|F|8508 Thomas St|CityAllen|CA|62991|85324|Driver|844456082067|05c67f3adcafa548afcc5d6026e9ed6e|2023-10-01|01:41:48|1696111200|grocery_net|253.93|0|fraud_BestBuy|42.236812|-121.148234
711-37-1598|4014682843560070|Jennifer|Anderson|F|8508 Thomas St|CityAllen|CA|62991|85324|Driver|844456082067|17e2383cf930b7b299747af0a3ff1c97|2023-06-27|23:00:18|1687816800|kids_pets|45.4|0|fraud_PetSmart|39.074066|-118.677595
310-23-5154|4404034390740765|Karen|Garcia|F|8916 Anderson St|CityMoore|NC|69639|292996|Sales Rep|526751856533|a10caba02e85c3fb3c842286e59dcaea|2023-12-07|22:44:52|1701903600|personal_care|276.15|0|fraud_HomeDepot|37.609565|-75.006807
775-14-1698|4334130040501545|Mary|Thomas|F|3308 Wilson St|CityHarris|NC|61027|126131|Driver|255695000672|39bb609de9733d0646f1bb03426cf979|2023-11-12|17:26:29|1699743600|food_dining|172.9|0|fraud_Amazon|35.914488|-77.632032
694-86-4736|4153612899060634|Mary|Young|F|9755 Jones St|CityTaylor|CO|64618|170262|Clerk|640756367149|1339a13e5b32afb3aab8b785aa99037f|2023-07-31|02:57:55|1690754400|kids_pets|52.27|0|fraud_Marriott|43.268037|-101.652073
211-34-1899|4980204784898680|Thomas|Davis|M|5821 Miller St|CityMartin|VA|13545|47970|Clerk|650389245378|236001572c698f7c6e92d82c6c4fd453|2023-06-02|05:52:57|1685656800|misc_net|273.98|0|fraud_Walmart|37.028454|-81.746754
521-73-4703|4091721005824198|William|Smith|M|3912 Wilson St|CityMartin|CA|89903|258853|Sales Rep|265179905992|5a6b87e09b12d17b2c018a7265e1dd6f|2023-11-24|20:19:48|1700780400|home|281.77|0|fraud_Walmart|36.758703|-120.39066
784-77-1371|4469326934190400|Mary|Harris|F|6690 Thompson St|CityTaylor|TN|15732|262001|Clerk|235605676431|9eb2c787966d355017f9304f4d91e70e|2023-10-05|15:27:57|1696456800|entertainment|288.17|0|fraud_Kroger|39.06992|-89.143489
611-68-6549|4787432221985953|David|Thomas|M|7586 Jones St|CityJackson|TX|39303|439361|Technician|594229945239|7fc5890d2bb2cb5d32bdbc6f2d6053b0|2023-12-11|22:26:12|1702249200|entertainment|1404.66|1|fraud_Target|27.65911|-99.850431
784-77-1371|4469326934190400|Mary|Harris|F|6690 Thompson St|CityTaylor|TN|15732|262001|Clerk|235605676431|e30989f48d394f03b1a5aabe20405f36|2023-12-05|14:19:43|1701730800|home|163.43|0|fraud_Amazon|33.334696|-87.763792
729-56-5200|4165906867876533|John|Allen|M|5681 Thomas St|CityYoung|FL|96869|374508|Nurse|852673861494|b81070e57c778aa990345c7bf68e5d1a|2023-11-15|01:32:00|1700002800|grocery_pos|17.57|0|fraud_Spotify|28.409783|-81.850677
468-53-1374|4072059147072943|Joseph|Thomas|M|1966 Thomas St|CityAllen|TX|81761|90963|Driver|857793889934|887f16e1e87ef230585a00746a9010cf|2023-06-18|05:43:30|1687039200|travel|53.91|0|fraud_Target|33.730289|-99.925716
514-78-4819|4687665049166091|Jessica|Garcia|F|2684 Williams St|CityAnderson|PA|27417|248137|Manager|734865728934|9895bb782cc5393d005dd49bfd4c659b|2023-09-25|21:15:34|1695592800|food_dining|60.38|0|fraud_Uber|36.901366|-76.498159
727-44-9329|4010727644975676|Patricia|Johnson|F|1268 Thompson St|CityMiller|FL|15996|149082|Accountant|288151892741|de0bfd23e89eb2d3dbf9f40f89382de2|2023-08-01|12:23:05|1690840800|home|118.89|0|fraud_Walmart|25.887004|-77.829115
260-85-5038|4734621091935160|David|Allen|M|8114 Martin St|CityYoung|IN|17708|434747|Engineer|273737341781|d0e93e5a7252bf03796af227ac7efe5f|2023-11-08|13:36:49|1699398000|shopping_net|286.27|0|fraud_HomeDepot|38.467923|-86.012856
784-77-1371|4469326934190400|Mary|Harris|F|6690 Thompson St|CityTaylor|TN|15732|262001|Clerk|235605676431|d0fcab585466c62cbea01fa6e1d30dd0|2023-11-20|02:54:28|1700434800|entertainment|80.15|0|fraud_HomeDepot|35.651506|-84.958709
266-60-4157|4702002181110370|Michael|White|M|48 Taylor St|CityAllen|KS|71451|478530|Driver|683153633980|e9dc8e236d147f8f1522d5770f9e29cb|2023-10-30|21:15:29|1698620400|misc_pos|268.42|0|fraud_Starbucks|38.850491|-98.207718
310-23-5154|4404034390740765|Karen|Garcia|F|8916 Anderson St|CityMoore|NC|69639|292996|Sales Rep|526751856533|ac39a3b1c605c687077b30db03c549ea|2023-06-07|23:16:17|1686088800|shopping_net|527.96|1|fraud_Kroger|34.996567|-77.636129
611-68-6549|4787432221985953|David|Thomas|M|7586 Jones St|CityJackson|TX|39303|439361|Technician|594229945239|5622c07116ddba35b68be045275b5dc5|2023-12-06|19:52:32|1701817200|grocery_pos|116.03|0|fraud_Netflix|29.491369|-99.890855
260-85-5038|4734621091935160|David|Allen|M|8114 Martin St|CityYoung|IN|17708|434747|Engineer|273737341781|03b73c3ef86ea08dcc4ec5c639cccfcf|2023-06-03|23:26:27|1685743200|grocery_pos|200.05|0|fraud_PetSmart|40.808849|-82.058912
463-97-6327|4784080948341407|Karen|Harris|F|1728 Jones St|CityThomas|WA|76404|160674|Engineer|672767507896|5ac51749910f87160b43ce8b286171ea|2023-06-11|13:56:14|1686434400|shopping_pos|1.23|0|fraud_CVS|46.959377|-121.678921
727-44-9329|4010727644975676|Patricia|Johnson|F|1268 Thompson St|CityMiller|FL|15996|149082|Accountant|288151892741|40f80f4cefce8d6e023b93a9d598aae0|2023-07-23|22:50:08|1690063200|kids_pets|91.63|0|fraud_Uber|30.363593|-81.778771
266-60-4157|4702002181110370|Michael|White|M|48 Taylor St|CityAllen|KS|71451|478530|Driver|683153633980|a6b23a6403c09665ff7c8df594b3df2a|2023-08-15|03:26:49|1692050400|misc_pos|49.72|0|fraud_Walmart|40.836285|-96.446779
310-23-5154|4404034390740765|Karen|Garcia|F|8916 Anderson St|CityMoore|NC|69639|292996|Sales Rep|526751856533|48e7d9c163eccbc66d77f29bb6631dfc|2023-07-02|09:50:39|1688248800|grocery_pos|228.27|0|fraud_Walmart|37.5942|-80.195952
260-85-5038|4734621091935160|David|Allen|M|8114 Martin St|CityYoung|IN|17708|434747|Engineer|273737341781|74d3faf453b11dcda34c23cd33f3ae12|2023-09-09|16:22:16|1694210400|food_dining|56.42|0|fraud_Shell|40.851392|-82.759152
844-98-9621|4839069730881712|Jessica|Thomas|F|5449 White St|CityTaylor|GA|94971|353273|Technician|991289497892|d3b2dd0ac26eeb7b6324ac5efc91acfc|2023-07-23|19:08:13|1690063200|personal_care|53.61|0|fraud_Starbucks|32.765626|-85.139413
521-73-4703|4091721005824198|William|Smith|M|3912 Wilson St|CityMartin|CA|89903|258853|Sales Rep|265179905992|15a1ecb20fb1ce08cbae5390f85f2be7|2023-12-26|22:35:33|1703545200|shopping_net|132.03|0|fraud_BestBuy|38.549342|-117.91678
414-26-3196|4044649088974278|Karen|Taylor|F|361 Brown St|CityDavis|OH|54566|484179|Teacher|309567056449|5eaccbc584d66a00e29673a03cb8402f|2023-11-06|15:35:41|1699225200|travel|235.22|0|fraud_Uber|37.940257|-85.514901
655-22-5525|4392572715841919|Jennifer|Miller|F|6331 Smith St|CityMartin|TX|43144|400779|Sales Rep|172044355281|6feb2a2c7f291904851cfc68674a9b92|2023-10-26|08:34:12|1698271200|travel|108.88|0|fraud_BestBuy|32.529668|-95.704514
844-13-3687|4474132675090169|Sarah|Davis|F|7221 Johnson St|CityTaylor|TN|68838|110138|Teacher|303033581383|8f2c0ede2b47b6f152e9a750657a331c|2023-06-04|19:19:01|1685829600|food_dining|243.35|0|fraud_McDonalds|37.070663|-84.029335
844-98-9621|4839069730881712|Jessica|Thomas|F|5449 White St|CityTaylor|GA|94971|353273|Technician|991289497892|53875437f80dc2a1c429659e7eb1d2fb|2023-12-28|16:01:53|1703718000|travel|103.08|0|fraud_BP|32.630412|-80.831209
765-75-6024|4921057197295190|Barbara|White|F|6983 Wilson St|CityThompson|WA|81923|146697|Driver|553269632664|2ee95091890a8a8260eeabc512d17007|2023-10-30|08:40:16|1698620400|travel|74.6|0|fraud_BestBuy|47.020328|-122.421773
655-22-5525|4392572715841919|Jennifer|Miller|F|6331 Smith St|CityMartin|TX|43144|400779|Sales Rep|172044355281|acc0afa39f64fb5601dcaf5fb07c84f7|2023-08-23|00:19:17|1692741600|kids_pets|235.02|0|fraud_Kroger|31.700674|-96.615779
844-98-9621|4839069730881712|Jessica|Thomas|F|5449 White St|CityTaylor|GA|94971|353273|Technician|991289497892|f66de74e6bc0c011456346a1eb7fd39b|2023-12-30|08:53:09|1703890800|kids_pets|122.26|0|fraud_Marriott|28.515454|-81.485517
492-61-5837|4649233155245308|Sarah|Young|F|770 White St|CityYoung|IN|97610|22508|Manager|946534968725|6eaeaab7bf299ac514ecf9e69c522846|2023-12-12|00:25:56|1702335600|entertainment|275.02|0|fraud_Walmart|36.982948|-85.222862
694-86-4736|4153612899060634|Mary|Young|F|9755 Jones St|CityTaylor|CO|64618|170262|Clerk|640756367149|188332ce6d51d656f218c08f725c684e|2023-11-12|04:50:33|1699743600|health_fitness|275.1|0|fraud_Nike|41.454521|-107.251945
775-14-1698|4334130040501545|Mary|Thomas|F|3308 Wilson St|CityHarris|NC|61027|126131|Driver|255695000672|4909742aadbf608598ffb55327a7755e|2023-08-18|19:29:09|1692309600|personal_care|208.2|0|fraud_Kroger|37.055078|-77.583222
463-97-6327|4784080948341407|Karen|Harris|F|1728 Jones St|CityThomas|WA|76404|160674|Engineer|672767507896|8f1d9cece85f6c3d8d445995bfe8d749|2023-10-18|17:07:54|1697580000|shopping_net|162.45|0|fraud_Walmart|46.481654|-124.354734
521-73-4703|4091721005824198|William|Smith|M|3912 Wilson St|CityMartin|CA|89903|258853|Sales Rep|265179905992|dbfe529071c0ce17131627c8fce4bdfe|2023-12-26|19:19:33|1703545200|misc_net|225.59|0|fraud_DeltaAirlines|35.116454|-121.950969
713-56-3418|4314450691744201|Karen|Anderson|F|5241 Smith St|CityJackson|NC|60562|465855|Sales Rep|853644126109|8d09beb57925f3b031620f532257192b|2023-09-26|19:52:01|1695679200|shopping_net|163.23|0|fraud_Starbucks|32.118862|-76.982518
784-77-1371|4469326934190400|Mary|Harris|F|6690 Thompson St|CityTaylor|TN|15732|262001|Clerk|235605676431|1813f5a0c9942e1cdea74e5ff5bcb530|2023-06-25|08:55:27|1687644000|misc_net|78.29|0|fraud_Nike|34.047954|-89.62386
337-48-5766|4360657334450254|Karen|Moore|F|6563 Brown St|CityAllen|MN|45453|107078|Clerk|561465320145|f71826194434cd31942b96e898cf28bd|2023-06-14|06:04:27|1686693600|gas_transport|137.48|0|fraud_Marriott|43.771903|-96.259833
492-61-5837|4649233155245308|Sarah|Young|F|770 White St|CityYoung|IN|97610|22508|Manager|946534968725|9fb0b701bae1d56443cc9fe44cd56cdc|2023-07-13|19:16:43|1689199200|food_dining|135.09|0|fraud_Amazon|38.130208|-88.10411
414-26-3196|4044649088974278|Karen|Taylor|F|361 Brown St|CityDavis|OH|54566|484179|Teacher|309567056449|5285ffe6d70bc3ac35de275dd4865c13|2023-07-01|03:54:31|1688162400|personal_care|252.36|0|fraud_Netflix|40.8346|-83.833325
694-86-4736|4153612899060634|Mary|Young|F|9755 Jones St|CityTaylor|CO|64618|170262|Clerk|640756367149|55cdee1eccfacb0838f7c6ba4145ab37|2023-11-07|16:18:28|1699311600|misc_pos|137.95|0|fraud_DeltaAirlines|42.438051|-106.049186
630-48-8069|4634629117418262|Richard|Jones|M|909 Smith St|CityTaylor|MI|64773|330589|Technician|470629806926|199a060222025292371f72a38deed5ea|2023-09-16|00:05:13|1694815200|health_fitness|265.67|0|fraud_Walgreens|44.813502|-84.413477
337-48-5766|4360657334450254|Karen|Moore|F|6563 Brown St|CityAllen|MN|45453|107078|Clerk|561465320145|a77df8add70f6aa107e9d58c46e3265b|2023-11-24|07:21:12|1700780400|health_fitness|293.99|0|fraud_Lyft|43.544726|-93.10838
713-56-3418|4314450691744201|Karen|Anderson|F|5241 Smith St|CityJackson|NC|60562|465855|Sales Rep|853644126109|3ce48f0246604065690b917ffe3d8bac|2023-08-19|13:57:40|1692396000|shopping_net|62.4|0|fraud_Netflix|35.087753|-75.590654
611-68-6549|4787432221985953|David|Thomas|M|7586 Jones St|CityJackson|TX|39303|439361|Technician|594229945239|935196d9c8b90dfbadbac63770511e48|2023-09-29|22:17:27|1695938400|shopping_pos|52.32|0|fraud_BP|31.21678|-95.254212
713-56-3418|4314450691744201|Karen|Anderson|F|5241 Smith St|CityJackson|NC|60562|465855|Sales Rep|853644126109|c7a3cf2651150938ec31a071978b5551|2023-12-05|00:35:34|1701730800|grocery_pos|137.23|0|fraud_Spotify|33.638762|-78.20615
414-26-3196|4044649088974278|Karen|Taylor|F|361 Brown St|CityDavis|OH|54566|484179|Teacher|309567056449|19bd0b02321265a4f311d949db7c448a|2023-07-29|08:05:12|1690581600|grocery_net|11.88|0|fraud_McDonalds|38.471586|-84.441326
711-37-1598|4014682843560070|Jennifer|Anderson|F|8508 Thomas St|CityAllen|CA|62991|85324|Driver|844456082067|fca6d01a431cd80bb52542fc75195b27|2023-12-24|04:17:50|1703372400|gas_transport|281.71|0|fraud_Walgreens|36.359322|-117.258914
775-14-1698|4334130040501545|Mary|Thomas|F|3308 Wilson St|CityHarris|NC|61027|126131|Driver|255695000672|b245e202f1d13c3172a612d55a917a11|2023-09-02|17:56:40|1693605600|personal_care|205.99|0|fraud_Nike|35.96961|-82.40885
211-34-1899|4980204784898680|Thomas|Davis|M|5821 Miller St|CityMartin|VA|13545|47970|Clerk|650389245378|df106406ad569bc5a1f249fb21542869|2023-12-03|22:12:05|1701558000|shopping_pos|31.56|0|fraud_BestBuy|39.252985|-80.888829
784-77-1371|4469326934190400|Mary|Harris|F|6690 Thompson St|CityTaylor|TN|15732|262001|Clerk|235605676431|c0253fd831034d479fb4753c95a19de8|2023-07-09|03:33:53|1688853600|entertainment|794.5|1|fraud_HomeDepot|35.263151|-85.531526
492-61-5837|4649233155245308|Sarah|Young|F|770 White St|CityYoung|IN|97610|22508|Manager|946534968725|f5525c8332a136ce6c3369bb31229edc|2023-12-05|23:19:06|1701730800|misc_net|1721.04|1|fraud_Kroger|38.325835|-86.02381
784-77-1371|4469326934190400|Mary|Harris|F|6690 Thompson St|CityTaylor|TN|15732|262001|Clerk|235605676431|017153457f254b8dd0cfc84ad39103ba|2023-12-03|11:18:51|1701558000|personal_care|46.76|0|fraud_Walgreens|33.694864|-90.275232
655-22-5525|4392572715841919|Jennifer|Miller|F|6331 Smith St|CityMartin|TX|43144|400779|Sales Rep|172044355281|e69be28d2f9a0783f96de40436f1615d|2023-06-19|05:06:18|1687125600|shopping_pos|8.8|0|fraud_Spotify|30.177361|-98.78448
556-14-1631|4042350551580167|Linda|Jones|F|2648 Thompson St|CityJackson|CO|24376|226611|Teacher|895731140229|4a281b79a816ea9ea4ad333f4c10b37a|2023-09-02|10:09:14|1693605600|personal_care|91.08|0|fraud_Uber|38.274767|-109.203032
727-44-9329|4010727644975676|Patricia|Johnson|F|1268 Thompson St|CityMiller|FL|15996|149082|Accountant|288151892741|58717577cf0260f5eae112d72c9e83df|2023-06-05|05:15:37|1685916000|misc_net|199.84|0|fraud_Nike|25.51054|-78.597278
765-75-6024|4921057197295190|Barbara|White|F|6983 Wilson St|CityThompson|WA|81923|146697|Driver|553269632664|789cb1c241b0f53afb65a44a1ace6a69|2023-06-20|01:27:37|1687212000|entertainment|249.39|0|fraud_BP|51.835597|-124.137505
810-60-5018|4946024453558094|Michael|Wilson|M|6485 White St|CityTaylor|NY|68531|348411|Technician|371208369262|85e4c38b86ce448a0f01d9886b6c28f7|2023-07-28|08:26:11|1690495200|shopping_net|190.05|0|fraud_Spotify|40.780298|-78.078269
727-44-9329|4010727644975676|Patricia|Johnson|F|1268 Thompson St|CityMiller|FL|15996|149082|Accountant|288151892741|dcebe75f69fe1d60b4664442766d2ca0|2023-07-04|23:51:33|1688421600|travel|30.8|0|fraud_Spotify|26.474387|-80.978843
844-13-3687|4474132675090169|Sarah|Davis|F|7221 Johnson St|CityTaylor|TN|68838|110138|Teacher|303033581383|274eab75b0e4eed577e0807fa633f660|2023-06-12|06:55:14|1686520800|food_dining|210.38|0|fraud_Marriott|34.507102|-84.407891
630-48-8069|4634629117418262|Richard|Jones|M|909 Smith St|CityTaylor|MI|64773|330589|Technician|470629806926|aaf376bf1139cf96a60279bb0327cb81|2023-10-04|23:33:29|1696370400|kids_pets|295.11|0|fraud_Kroger|47.317498|-84.067948
492-61-5837|4649233155245308|Sarah|Young|F|770 White St|CityYoung|IN|97610|22508|Manager|946534968725|276468ed7e9a9e86c75da0896f07d77e|2023-08-15|00:59:35|1692050400|shopping_net|66.1|0|fraud_Uber|37.373276|-87.568457
468-53-1374|4072059147072943|Joseph|Thomas|M|1966 Thomas St|CityAllen|TX|81761|90963|Driver|857793889934|c2a02cde3811a00b57548ec155bef03f|2023-06-02|19:54:18|1685656800|misc_pos|199.86|0|fraud_Walgreens|32.591025|-96.976608
727-44-9329|4010727644975676|Patricia|Johnson|F|1268 Thompson St|CityMiller|FL|15996|149082|Accountant|288151892741|fa4ccb98bcd0ef6ff2298eabc9335c56|2023-06-28|12:11:45|1687903200|home|73.98|0|fraud_CVS|30.889229|-82.295661
334-35-2749|4586445173014795|Richard|Young|M|5362 Johnson St|CitySmith|MN|75600|387278|Analyst|543960978265|de717accf1e79897d53345f756955aab|2023-06-10|23:32:38|1686348000|entertainment|49.91|0|fraud_PetSmart|47.556996|-96.290952
310-23-5154|4404034390740765|Karen|Garcia|F|8916 Anderson St|CityMoore|NC|69639|292996|Sales Rep|526751856533|830d5aee121f2b5b23ebcb3afa91b8f6|2023-08-23|01:46:47|1692741600|home|89.33|0|fraud_Netflix|36.043762|-80.587301
337-48-5766|4360657334450254|Karen|Moore|F|6563 Brown St|CityAllen|MN|45453|107078|Clerk|561465320145|908b705bab6f09518a3d9459c046e868|2023-09-15|13:57:19|1694728800|travel|279.27|0|fraud_Kroger|48.026257|-94.198879
211-34-1899|4980204784898680|Thomas|Davis|M|5821 Miller St|CityMartin|VA|13545|47970|Clerk|650389245378|8b2eb5cad3a106160d43ed69097d20f7|2023-09-15|16:43:38|1694728800|shopping_net|268.55|0|fraud_McDonalds|38.011849|-76.314809
694-86-4736|4153612899060634|Mary|Young|F|9755 Jones St|CityTaylor|CO|64618|170262|Clerk|640756367149|96b43729e4cdfd75f3f0289bb8046225|2023-06-08|02:16:10|1686175200|grocery_net|11.09|0|fraud_CVS|40.171996|-102.398687
334-35-2749|4586445173014795|Richard|Young|M|5362 Johnson St|CitySmith|MN|75600|387278|Analyst|543960978265|24e58f30aacf9bb0f232df911233f82f|2023-12-01|00:41:12|1701385200|grocery_net|249.49|0|fraud_Netflix|43.533494|-97.192121
337-48-5766|4360657334450254|Karen|Moore|F|6563 Brown St|CityAllen|MN|45453|107078|Clerk|561465320145|92db5aa7c48a93b47b7d9eba5fb1c160|2023-08-09|02:04:30|1691532000|kids_pets|15.03|0|fraud_Target|46.705075|-96.107008
521-73-4703|4091721005824198|William|Smith|M|3912 Wilson St|CityMartin|CA|89903|258853|Sales Rep|265179905992|91e22f7122838ed49bebfea6dd6be951|2023-12-29|17:07:43|1703804400|health_fitness|280.98|0|fraud_Target|39.61189|-116.989524
307-46-8560|4588306248409007|Karen|Allen|F|6081 Johnson St|CityJackson|KS|66707|146962|Sales Rep|385336820185|1f4217148197a65a7d1cdef6fc808e37|2023-12-18|09:57:11|1702854000|misc_pos|25.12|0|fraud_Walgreens|40.58135|-96.166908
310-23-5154|4404034390740765|Karen|Garcia|F|8916 Anderson St|CityMoore|NC|69639|292996|Sales Rep|526751856533|c3038ac975cc1f643a9e27c4af2be9b4|2023-09-09|02:25:56|1694210400|travel|665.4|1|fraud_Walmart|32.73043|-79.9499
727-44-9329|4010727644975676|Patricia|Johnson|F|1268 Thompson St|CityMiller|FL|15996|149082|Accountant|288151892741|5a1777f11bead2b304c8a0177a268342|2023-10-21|10:21:12|1697839200|food_dining|34.38|0|fraud_CVS|28.445285|-79.177357
211-34-1899|4980204784898680|Thomas|Davis|M|5821 Miller St|CityMartin|VA|13545|47970|Clerk|650389245378|f7b423ec374398d009a5bdf01239fff1|2023-09-15|23:04:28|1694728800|misc_net|74.97|0|fraud_BestBuy|37.98461|-76.480534
713-56-3418|4314450691744201|Karen|Anderson|F|5241 Smith St|CityJackson|NC|60562|465855|Sales Rep|853644126109|a56eb0ae9326277e6b52e1ecec078f59|2023-11-05|12:36:05|1699138800|gas_transport|120.25|0|fraud_Marriott|32.719885|-76.550075
667-20-5574|4958429180900971|David|Garcia|M|7898 White St|CityBrown|FL|97617|27992|Engineer|995918025324|e3c65a3c9d0fb07532f900bd7b33f6ec|2023-11-25|18:02:24|1700866800|shopping_net|197.75|0|fraud_Lyft|25.560315|-85.364041
521-73-4703|4091721005824198|William|Smith|M|3912 Wilson St|CityMartin|CA|89903|258853|Sales Rep|265179905992|f0da17661a056ce161f23e899ede334e|2023-12-13|03:44:21|1702422000|health_fitness|247.18|0|fraud_Lyft|38.625364|-121.052652
810-60-5018|4946024453558094|Michael|Wilson|M|6485 White St|CityTaylor|NY|68531|348411|Technician|371208369262|93fff9d2383c77e66a6c192b05982ef0|2023-06-21|02:34:11|1687298400|home|1190.11|1|fraud_PetSmart|43.726367|-76.281089
463-97-6327|4784080948341407|Karen|Harris|F|1728 Jones St|CityThomas|WA|76404|160674|Engineer|672767507896|2bbc04599c9c36c15c56b9d05e33cc1f|2023-11-16|14:54:04|1700089200|personal_care|191.09|0|fraud_BestBuy|51.065738|-121.677195
729-56-5200|4165906867876533|John|Allen|M|5681 Thomas St|CityYoung|FL|96869|374508|Nurse|852673861494|f2a6270f927ab27fd513c1306f930f68|2023-09-04|04:52:31|1693778400|travel|83.47|0|fraud_BP|27.125704|-83.465492
492-61-5837|4649233155245308|Sarah|Young|F|770 White St|CityYoung|IN|97610|22508|Manager|946534968725|a24a65dd62874d5c83fb5f5dee8185a8|2023-06-10|05:21:24|1686348000|misc_net|271.6|0|fraud_Nike|40.992233|-84.478069
727-44-9329|4010727644975676|Patricia|Johnson|F|1268 Thompson St|CityMiller|FL|15996|149082|Accountant|288151892741|5155e3157e45330a45a221ea6081df65|2023-11-05|22:11:15|1699138800|home|191.68|0|fraud_Walgreens|27.825762|-83.262459
556-14-1631|4042350551580167|Linda|Jones|F|2648 Thompson St|CityJackson|CO|24376|226611|Teacher|895731140229|3c171d587615a58d19fd674c76174c12|2023-12-20|00:29:21|1703026800|grocery_net|138.79|0|fraud_BP|37.12691|-106.135791
775-14-1698|4334130040501545|Mary|Thomas|F|3308 Wilson St|CityHarris|NC|61027|126131|Driver|255695000672|0829f8f6932004ea912bd0f94f9b94dc|2023-11-02|09:22:30|1698879600|entertainment|245.1|0|fraud_Target|37.275298|-81.305343
844-13-3687|4474132675090169|Sarah|Davis|F|7221 Johnson St|CityTaylor|TN|68838|110138|Teacher|303033581383|8a659a3f71ca04efbecf0d6d8b7394aa|2023-08-15|01:47:03|1692050400|gas_transport|59.44|0|fraud_Spotify|39.994559|-87.751205
775-14-1698|4334130040501545|Mary|Thomas|F|3308 Wilson St|CityHarris|NC|61027|126131|Driver|255695000672|9baacd0707c014064305372fc592edd2|2023-11-15|17:02:43|1700002800|misc_net|138.69|0|fraud_Spotify|35.211137|-78.749999
775-14-1698|4334130040501545|Mary|Thomas|F|3308 Wilson St|CityHarris|NC|61027|126131|Driver|255695000672|ed04db8401c2af03010e3042005116f6|2023-06-18|06:13:35|1687039200|shopping_net|199.91|0|fraud_Walgreens|34.904809|-77.787488
334-35-2749|4586445173014795|Richard|Young|M|5362 Johnson St|CitySmith|MN|75600|387278|Analyst|543960978265|87d14bda928e2be95c0ea084911e253a|2023-12-24|02:57:47|1703372400|grocery_net|135.47|0|fraud_Spotify|46.863703|-92.510937
630-48-8069|4634629117418262|Richard|Jones|M|909 Smith St|CityTaylor|MI|64773|330589|Technician|470629806926|26ee57bc1cc25084bce68557f8e283cf|2023-10-23|16:04:33|1698012000|shopping_pos|164.1|0|fraud_Nike|43.429278|-85.758215
765-75-6024|4921057197295190|Barbara|White|F|6983 Wilson St|CityThompson|WA|81923|146697|Driver|553269632664|182f5f0a09abc786042054ca94f13c4f|2023-11-17|05:51:03|1700175600|misc_pos|105.83|0|fraud_Lyft|47.894624|-122.145522
844-98-9621|4839069730881712|Jessica|Thomas|F|5449 White St|CityTaylor|GA|94971|353273|Technician|991289497892|cfb384fb7cfbb2745bccbb21f86fa2c0|2023-12-24|00:27:58|1703372400|grocery_pos|202.65|0|fraud_Lyft|30.146639|-85.664704
521-73-4703|4091721005824198|William|Smith|M|3912 Wilson St|CityMartin|CA|89903|258853|Sales Rep|265179905992|180bc6cfd437fbf80a59a055354b6e02|2023-07-01|20:57:32|1688162400|shopping_pos|48.66|0|fraud_HomeDepot|34.951659|-118.015021
514-78-4819|4687665049166091|Jessica|Garcia|F|2684 Williams St|CityAnderson|PA|27417|248137|Manager|734865728934|aa8929b8dc549e82da119cefde9eb717|2023-10-12|20:36:07|1697061600|entertainment|227.77|0|fraud_HomeDepot|37.565615|-78.790243
844-98-9621|4839069730881712|Jessica|Thomas|F|5449 White St|CityTaylor|GA|94971|353273|Technician|991289497892|9ad4a590ad9ab605a65c4df1763b5558|2023-08-11|17:22:33|1691704800|travel|140.54|0|fraud_DeltaAirlines|29.268282|-82.440629
667-20-5574|4958429180900971|David|Garcia|M|7898 White St|CityBrown|FL|97617|27992|Engineer|995918025324|898e43ff7de609e86dd2161738758a27|2023-11-18|18:21:17|1700262000|personal_care|13.52|0|fraud_Walgreens|25.186195|-86.437975
844-13-3687|4474132675090169|Sarah|Davis|F|7221 Johnson St|CityTaylor|TN|68838|110138|Teacher|303033581383|c3c43a0be160dbed0bd933a20e6a175e|2023-10-23|02:39:04|1698012000|kids_pets|1722.6|1|fraud_Walgreens|39.846265|-84.844074
307-46-8560|4588306248409007|Karen|Allen|F|6081 Johnson St|CityJackson|KS|66707|146962|Sales Rep|385336820185|2c61c4fdbd80114db76b5d93c1a917c9|2023-11-15|18:04:11|1700002800|grocery_net|210.82|0|fraud_Walmart|40.022338|-98.745764
521-73-4703|4091721005824198|William|Smith|M|3912 Wilson St|CityMartin|CA|89903|258853|Sales Rep|265179905992|4c0557912517b04582a2e1f02a0ae80e|2023-10-10|01:32:03|1696888800|gas_transport|156.01|0|fraud_Walgreens|37.678361|-119.833914
713-56-3418|4314450691744201|Karen|Anderson|F|5241 Smith St|CityJackson|NC|60562|465855|Sales Rep|853644126109|e88da5f19679748eacfbccf90629dc10|2023-06-09|07:02:25|1686261600|home|172.3|0|fraud_Marriott|33.321908|-78.536488
844-13-3687|4474132675090169|Sarah|Davis|F|7221 Johnson St|CityTaylor|TN|68838|110138|Teacher|303033581383|efee3a3ae6bcaac3903e79293605294b|2023-07-08|05:04:09|1688767200|food_dining|139.58|0|fraud_Walgreens|35.780993|-85.436793
727-44-9329|4010727644975676|Patricia|Johnson|F|1268 Thompson St|CityMiller|FL|15996|149082|Accountant|288151892741|205abb658ec2036b6ec8549d6d3b92c4|2023-07-13|14:33:27|1689199200|misc_net|188.77|0|fraud_Lyft|30.836948|-80.478149
334-35-2749|4586445173014795|Richard|Young|M|5362 Johnson St|CitySmith|MN|75600|387278|Analyst|543960978265|84de2d21a3007711e103e4271b565174|2023-09-11|13:20:49|1694383200|grocery_pos|108.57|0|fraud_CVS|44.195593|-97.363461
468-53-1374|4072059147072943|Joseph|Thomas|M|1966 Thomas St|CityAllen|TX|81761|90963|Driver|857793889934|c69d75044402f370ee702c23bef8f87a|2023-10-07|06:12:54|1696629600|entertainment|111.85|0|fraud_CVS|29.409968|-95.574067
556-14-1631|4042350551580167|Linda|Jones|F|2648 Thompson St|CityJackson|CO|24376|226611|Teacher|895731140229|7d650874f83600500a900f78c32f8ec7|2023-11-16|07:32:33|1700089200|home|190.68|0|fraud_BestBuy|39.709511|-105.909241
784-77-1371|4469326934190400|Mary|Harris|F|6690 Thompson St|CityTaylor|TN|15732|262001|Clerk|235605676431|755d99fd336b1c392260123206511272|2023-08-09|10:27:38|1691532000|shopping_pos|72.31|0|fraud_BP|36.664594|-86.18073
727-44-9329|4010727644975676|Patricia|Johnson|F|1268 Thompson St|CityMiller|FL|15996|149082|Accountant|288151892741|8fbf00c44b740226801931070629e647|2023-11-05|09:36:03|1699138800|health_fitness|127.92|0|fraud_HomeDepot|27.283289|-77.92931
727-44-9329|4010727644975676|Patricia|Johnson|F|1268 Thompson St|CityMiller|FL|15996|149082|Accountant|288151892741|395db52782b3d9d0add5b91394448892|2023-09-09|01:46:21|1694210400|grocery_net|259.09|0|fraud_HomeDepot|30.03256|-77.738078
463-97-6327|4784080948341407|Karen|Harris|F|1728 Jones St|CityThomas|WA|76404|160674|Engineer|672767507896|09706a91ca4561490d5b0c8cda72b992|2023-08-09|15:17:15|1691532000|food_dining|48.74|0|fraud_PetSmart|47.856922|-123.908681
694-86-4736|4153612899060634|Mary|Young|F|9755 Jones St|CityTaylor|CO|64618|170262|Clerk|640756367149|2e712f3c6c4e131c1ee59dd2da57b93f|2023-12-09|05:59:55|1702076400|shopping_net|225.25|0|fraud_Netflix|43.359241|-101.977386
260-85-5038|4734621091935160|David|Allen|M|8114 Martin St|CityYoung|IN|17708|434747|Engineer|273737341781|b85a69246ed737f160f5f460dedee327|2023-12-26|08:29:13|1703545200|food_dining|115.77|0|fraud_PetSmart|37.703221|-86.266686
514-78-4819|4687665049166091|Jessica|Garcia|F|2684 Williams St|CityAnderson|PA|27417|248137|Manager|734865728934|250629a24f0ab97b84e4aae886f7e423|2023-08-09|06:07:35|1691532000|personal_care|21.07|0|fraud_Marriott|37.013413|-74.018142
611-68-6549|4787432221985953|David|Thomas|M|7586 Jones St|CityJackson|TX|39303|439361|Technician|594229945239|f068341b1645c5845f48bdebba81326f|2023-10-31|12:31:58|1698706800|grocery_pos|231.07|0|fraud_McDonalds|31.1432|-98.852839
556-14-1631|4042350551580167|Linda|Jones|F|2648 Thompson St|CityJackson|CO|24376|226611|Teacher|895731140229|e6dac2a41c30f77a0237010b302b950b|2023-07-11|14:23:25|1689026400|misc_net|253.41|0|fraud_Netflix|39.345953|-109.783857
310-23-5154|4404034390740765|Karen|Garcia|F|8916 Anderson St|CityMoore|NC|69639|292996|Sales Rep|526751856533|afc4130934c9de85e638d3f91312321e|2023-12-01|16:11:33|1701385200|food_dining|160.18|0|fraud_HomeDepot|38.150741|-80.699271
